date,par
2014-12-08T22:53:34+0000,1992.16
2014-12-08T22:56:34+0000,1989.61
2014-12-08T22:59:34+0000,1979.17
2014-12-08T23:04:01+0000,1987.57
2014-12-08T23:07:01+0000,1992.16
2014-12-08T23:10:02+0000,1986.55
2014-12-08T23:22:19+0000,1976.37
2014-12-08T23:25:19+0000,1989.36
2014-12-08T23:28:19+0000,1984.77
2014-12-08T23:31:20+0000,1982.74
2014-12-08T23:34:20+0000,1986.05
2014-12-08T23:37:20+0000,1985.03
2014-12-08T23:40:20+0000,1984.01
2014-12-08T23:43:21+0000,1981.46
2014-12-08T23:46:21+0000,1984.26
2014-12-08T23:49:21+0000,1967.71
2014-12-08T23:52:21+0000,1974.84
2014-12-08T23:55:22+0000,1954.98
2014-12-08T23:58:22+0000,1948.86
2014-12-09T00:00:01+0000,1948.61
2014-12-09T00:03:02+0000,1933.07
2014-12-09T00:06:02+0000,1916.27
2014-12-09T00:09:02+0000,1914.48
2014-12-09T00:12:02+0000,1917.79
2014-12-09T00:15:03+0000,1908.12
2014-12-09T00:18:03+0000,1905.57
2014-12-09T00:21:03+0000,1904.3
2014-12-09T00:24:03+0000,1897.17
2014-12-09T00:27:04+0000,1887.49
2014-12-09T00:30:04+0000,1881.63
2014-12-09T00:33:04+0000,1887.23
2014-12-09T00:36:04+0000,1896.15
2014-12-09T00:39:04+0000,1891.31
2014-12-09T00:42:05+0000,1880.1
2014-12-09T00:45:05+0000,1846.74
2014-12-09T00:48:05+0000,1846.75
2014-12-09T00:51:05+0000,1835.29
2014-12-09T00:54:06+0000,1830.7
2014-12-09T01:11:02+0000,1778.24
2014-12-09T01:12:53+0000,1770.34
2014-12-09T01:15:53+0000,1768.05
2014-12-09T01:18:53+0000,1762.2
2014-12-09T01:21:53+0000,1744.12
2014-12-09T01:24:54+0000,1727.82
2014-12-09T01:27:54+0000,1732.91
2014-12-09T01:30:54+0000,1721.45
2014-12-09T01:35:52+0000,1695.73
2014-12-09T01:38:53+0000,1687.32
2014-12-09T01:41:53+0000,1670.78
2014-12-09T01:44:53+0000,1667.97
2014-12-09T01:47:53+0000,1647.09
2014-12-09T01:50:53+0000,1623.67
2014-12-09T01:53:54+0000,1591.84
2014-12-09T01:56:54+0000,1571.97
2014-12-09T01:59:54+0000,1537.09
2014-12-09T02:02:54+0000,1538.36
2014-12-09T02:05:55+0000,1519.77
2014-12-09T02:08:55+0000,1507.8
2014-12-09T02:11:55+0000,1480.8
2014-12-09T02:14:55+0000,1459.92
2014-12-09T02:17:55+0000,1428.6
2014-12-09T02:20:56+0000,1384.04
2014-12-09T02:23:56+0000,1375.89
2014-12-09T02:26:56+0000,1342.78
2014-12-09T02:29:56+0000,1317.31
2014-12-09T02:32:57+0000,1280.66
2014-12-09T02:35:57+0000,1261.04
2014-12-09T02:38:57+0000,1220.55
2014-12-09T02:41:57+0000,1207.82
2014-12-09T02:44:57+0000,1160.71
2014-12-09T02:47:58+0000,1128.61
2014-12-09T02:50:58+0000,1088.38
2014-12-09T02:53:58+0000,1043.81
2014-12-09T02:56:58+0000,1008.41
2014-12-09T02:59:59+0000,952.38
2014-12-09T03:02:59+0000,900.19
2014-12-09T03:05:59+0000,842.63
2014-12-09T03:08:59+0000,282.84
2014-12-09T03:11:59+0000,709.44
2014-12-09T03:15:00+0000,637.88
2014-12-09T03:18:00+0000,556.38
2014-12-09T03:21:00+0000,493.73
2014-12-09T03:24:00+0000,405.87
2014-12-09T03:27:01+0000,318
2014-12-09T03:30:01+0000,253.56
2014-12-09T03:33:01+0000,171.04
2014-12-09T03:36:02+0000,83.69
2014-12-09T03:39:02+0000,65.6
2014-12-09T03:42:02+0000,50.58
2014-12-09T03:45:02+0000,37.08
2014-12-09T03:48:02+0000,25.87
2014-12-09T03:51:03+0000,16.7
2014-12-09T03:54:03+0000,11.35
2014-12-09T03:57:03+0000,5.5
2014-12-09T04:00:03+0000,1.93
2014-12-09T04:03:04+0000,0
2014-12-09T04:06:04+0000,0
2014-12-09T04:09:04+0000,0
2014-12-09T04:12:04+0000,0
2014-12-09T04:14:28+0000,0
2014-12-09T04:20:18+0000,0
2014-12-09T04:23:18+0000,0
2014-12-09T04:26:19+0000,0
2014-12-09T04:29:19+0000,0
2014-12-09T04:32:19+0000,0
2014-12-09T04:35:19+0000,0
2014-12-09T04:38:20+0000,0
2014-12-09T04:41:20+0000,0
2014-12-09T04:44:20+0000,0
2014-12-09T04:47:20+0000,0
2014-12-09T04:50:20+0000,0
2014-12-09T04:53:21+0000,0
2014-12-09T04:56:21+0000,0
2014-12-09T04:59:21+0000,0
2014-12-09T05:02:21+0000,0
2014-12-09T05:05:21+0000,0
2014-12-09T05:08:22+0000,0
2014-12-09T05:11:22+0000,0
2014-12-09T05:14:22+0000,0
2014-12-09T05:17:22+0000,0
2014-12-09T05:20:23+0000,0
2014-12-09T05:23:23+0000,0
2014-12-09T05:26:23+0000,0
2014-12-09T05:29:23+0000,0
2014-12-09T05:32:23+0000,0
2014-12-09T05:35:24+0000,0
2014-12-09T05:38:24+0000,0
2014-12-09T05:41:24+0000,0
2014-12-09T05:44:24+0000,0
2014-12-09T05:47:25+0000,0
2014-12-09T05:50:25+0000,0
2014-12-09T05:53:25+0000,0
2014-12-09T05:56:25+0000,0
2014-12-09T05:59:25+0000,0
2014-12-09T06:02:26+0000,0
2014-12-09T06:05:26+0000,0
2014-12-09T06:08:26+0000,0
2014-12-09T06:11:26+0000,0
2014-12-09T06:14:26+0000,0
2014-12-09T06:17:27+0000,0
2014-12-09T06:20:27+0000,0
2014-12-09T06:23:27+0000,0
2014-12-09T06:26:27+0000,0
2014-12-09T06:29:27+0000,0
2014-12-09T06:32:28+0000,0
2014-12-09T06:35:28+0000,0
2014-12-09T06:38:28+0000,0
2014-12-09T06:41:28+0000,0
2014-12-09T06:44:29+0000,0
2014-12-09T06:47:29+0000,0
2014-12-09T06:50:29+0000,0
2014-12-09T06:53:29+0000,0
2014-12-09T06:56:29+0000,0
2014-12-09T06:59:30+0000,0
2014-12-09T07:02:30+0000,0
2014-12-09T07:05:30+0000,0
2014-12-09T07:08:30+0000,0
2014-12-09T07:11:30+0000,0
2014-12-09T07:14:31+0000,0
2014-12-09T07:17:31+0000,0
2014-12-09T07:20:31+0000,0
2014-12-09T07:23:31+0000,0
2014-12-09T07:26:32+0000,0
2014-12-09T07:29:32+0000,0
2014-12-09T07:32:32+0000,0
2014-12-09T07:35:32+0000,0
2014-12-09T07:38:33+0000,0
2014-12-09T07:41:33+0000,0
2014-12-09T07:44:33+0000,0
2014-12-09T07:47:33+0000,0
2014-12-09T07:50:33+0000,0
2014-12-09T07:53:34+0000,0
2014-12-09T07:56:34+0000,0
2014-12-09T07:59:34+0000,0
2014-12-09T08:02:34+0000,0
2014-12-09T08:05:34+0000,0
2014-12-09T08:08:35+0000,0
2014-12-09T08:11:35+0000,0
2014-12-09T08:14:35+0000,0
2014-12-09T08:17:35+0000,0
2014-12-09T08:20:36+0000,0
2014-12-09T08:23:36+0000,0
2014-12-09T08:26:36+0000,0
2014-12-09T08:29:36+0000,0
2014-12-09T08:32:36+0000,0
2014-12-09T08:35:37+0000,0
2014-12-09T08:38:37+0000,0
2014-12-09T08:41:37+0000,0
2014-12-09T08:44:37+0000,0
2014-12-09T08:47:37+0000,0
2014-12-09T08:50:38+0000,0
2014-12-09T08:53:38+0000,0
2014-12-09T08:56:38+0000,0
2014-12-09T08:59:38+0000,0
2014-12-09T09:02:39+0000,0
2014-12-09T09:05:39+0000,0
2014-12-09T09:08:39+0000,0
2014-12-09T09:11:39+0000,0
2014-12-09T09:14:39+0000,0
2014-12-09T09:17:40+0000,0
2014-12-09T09:20:40+0000,0
2014-12-09T09:23:40+0000,0
2014-12-09T09:26:40+0000,0
2014-12-09T09:29:40+0000,0
2014-12-09T09:32:41+0000,0
2014-12-09T09:35:41+0000,0
2014-12-09T09:38:41+0000,0
2014-12-09T09:41:41+0000,0
2014-12-09T09:44:41+0000,0
2014-12-09T09:47:42+0000,0
2014-12-09T09:50:42+0000,0
2014-12-09T09:53:42+0000,0
2014-12-09T09:56:42+0000,0
2014-12-09T09:59:42+0000,0
2014-12-09T10:02:43+0000,0
2014-12-09T10:05:43+0000,0
2014-12-09T10:08:43+0000,0
2014-12-09T10:11:43+0000,0
2014-12-09T10:14:43+0000,0
2014-12-09T10:17:43+0000,0
2014-12-09T10:20:44+0000,0
2014-12-09T10:23:44+0000,0
2014-12-09T10:26:44+0000,0
2014-12-09T10:29:44+0000,0
2014-12-09T10:32:44+0000,0
2014-12-09T10:35:45+0000,0
2014-12-09T10:38:45+0000,0
2014-12-09T10:41:45+0000,0
2014-12-09T10:44:45+0000,0
2014-12-09T10:47:45+0000,0
2014-12-09T10:50:46+0000,0
2014-12-09T10:53:46+0000,0
2014-12-09T10:56:46+0000,0
2014-12-09T10:59:46+0000,0
2014-12-09T11:02:46+0000,0
2014-12-09T11:05:47+0000,0
2014-12-09T11:08:47+0000,0
2014-12-09T11:11:47+0000,0
2014-12-09T11:14:47+0000,0
2014-12-09T11:17:48+0000,0
2014-12-09T11:20:48+0000,0
2014-12-09T11:23:48+0000,0
2014-12-09T11:26:48+0000,0
2014-12-09T11:29:48+0000,0
2014-12-09T11:32:49+0000,0
2014-12-09T11:35:49+0000,0
2014-12-09T11:38:49+0000,0
2014-12-09T11:41:49+0000,0
2014-12-09T11:44:49+0000,0
2014-12-09T11:47:50+0000,0
2014-12-09T11:50:50+0000,0
2014-12-09T11:53:50+0000,0
2014-12-09T11:56:50+0000,0
2014-12-09T11:59:51+0000,0
2014-12-09T12:02:51+0000,0
2014-12-09T12:05:51+0000,0
2014-12-09T12:08:51+0000,0
2014-12-09T12:11:51+0000,0
2014-12-09T12:14:51+0000,0
2014-12-09T12:17:52+0000,0
2014-12-09T12:20:52+0000,0
2014-12-09T12:23:52+0000,0
2014-12-09T12:26:52+0000,0
2014-12-09T12:29:53+0000,0
2014-12-09T12:32:53+0000,0
2014-12-09T12:35:53+0000,0
2014-12-09T12:38:53+0000,0
2014-12-09T12:41:53+0000,0
2014-12-09T12:44:54+0000,0
2014-12-09T12:47:54+0000,0
2014-12-09T12:50:54+0000,0
2014-12-09T12:53:54+0000,0
2014-12-09T12:56:54+0000,0
2014-12-09T12:59:55+0000,0
2014-12-09T13:02:55+0000,0
2014-12-09T13:05:55+0000,0
2014-12-09T13:08:55+0000,0
2014-12-09T13:11:55+0000,0
2014-12-09T13:14:56+0000,0
2014-12-09T13:17:56+0000,0
2014-12-09T13:20:56+0000,0
2014-12-09T13:23:56+0000,0
2014-12-09T13:26:56+0000,0
2014-12-09T13:29:57+0000,0
2014-12-09T13:32:57+0000,0
2014-12-09T13:35:57+0000,0
2014-12-09T13:38:57+0000,0
2014-12-09T13:41:57+0000,0
2014-12-09T13:44:58+0000,0
2014-12-09T13:47:58+0000,0
2014-12-09T13:50:58+0000,0
2014-12-09T13:53:58+0000,0
2014-12-09T13:56:58+0000,0
2014-12-09T13:59:59+0000,0
2014-12-09T14:02:59+0000,0
2014-12-09T14:05:59+0000,0
2014-12-09T14:08:59+0000,0
2014-12-09T14:12:00+0000,0
2014-12-09T14:15:00+0000,0
2014-12-09T14:18:00+0000,0
2014-12-09T14:21:00+0000,0
2014-12-09T14:24:00+0000,0
2014-12-09T14:27:01+0000,0
2014-12-09T14:30:01+0000,0
2014-12-09T14:33:01+0000,0
2014-12-09T14:36:01+0000,0
2014-12-09T14:39:01+0000,0
2014-12-09T14:42:02+0000,0
2014-12-09T14:45:02+0000,0
2014-12-09T14:48:02+0000,0
2014-12-09T14:51:02+0000,0
2014-12-09T14:54:03+0000,0
2014-12-09T14:57:03+0000,0
2014-12-09T15:00:03+0000,0
2014-12-09T15:03:03+0000,0
2014-12-09T15:06:03+0000,0
2014-12-09T15:09:04+0000,0
2014-12-09T15:12:04+0000,0
2014-12-09T15:15:04+0000,0
2014-12-09T15:18:04+0000,0
2014-12-09T15:21:04+0000,0
2014-12-09T15:24:05+0000,0
2014-12-09T15:27:05+0000,0
2014-12-09T15:30:05+0000,0
2014-12-09T15:33:05+0000,0
2014-12-09T15:36:05+0000,0
2014-12-09T15:39:06+0000,0
2014-12-09T15:42:06+0000,0
2014-12-09T15:45:10+0000,0
2014-12-09T15:48:10+0000,0
2014-12-09T15:51:11+0000,0
2014-12-09T15:54:11+0000,0
2014-12-09T15:57:11+0000,0
2014-12-09T16:00:11+0000,0
2014-12-09T16:03:12+0000,0
2014-12-09T16:06:12+0000,0
2014-12-09T16:09:12+0000,0
2014-12-09T16:12:12+0000,0
2014-12-09T16:15:12+0000,0
2014-12-09T16:18:13+0000,0
2014-12-09T16:21:13+0000,0
2014-12-09T16:24:13+0000,0
2014-12-09T16:27:13+0000,0
2014-12-09T16:30:13+0000,0
2014-12-09T16:33:14+0000,0
2014-12-09T16:36:14+0000,0
2014-12-09T16:39:14+0000,0
2014-12-09T16:42:14+0000,0
2014-12-09T16:45:14+0000,1.42
2014-12-09T16:48:15+0000,0
2014-12-09T16:51:15+0000,7.79
2014-12-09T16:54:15+0000,14.92
2014-12-09T16:57:15+0000,0
2014-12-09T17:00:15+0000,31.99
2014-12-09T17:03:16+0000,40.14
2014-12-09T17:06:16+0000,50.83
2014-12-09T17:09:16+0000,63.57
2014-12-09T17:12:16+0000,81.4
2014-12-09T17:15:16+0000,229.38
2014-12-09T17:18:17+0000,346.8
2014-12-09T17:21:17+0000,243.65
2014-12-09T17:24:17+0000,552.36
2014-12-09T17:27:17+0000,634.62
2014-12-09T17:30:17+0000,705.43
2014-12-09T17:33:18+0000,766.56
2014-12-09T17:36:18+0000,827.95
2014-12-09T17:39:18+0000,847.81
2014-12-09T17:42:18+0000,949.95
2014-12-09T17:45:18+0000,995.28
2014-12-09T17:48:19+0000,1060.22
2014-12-09T17:51:19+0000,1115.49
2014-12-09T17:54:19+0000,1124.91
2014-12-09T17:57:19+0000,1184.01
2014-12-09T18:00:19+0000,1221.18
2014-12-09T18:03:20+0000,1275.68
2014-12-09T18:06:20+0000,1294.26
2014-12-09T18:09:20+0000,1323.55
2014-12-09T18:12:20+0000,1370.39
2014-12-09T18:15:20+0000,1394.32
2014-12-09T18:18:21+0000,1432.77
2014-12-09T18:21:21+0000,1467.91
2014-12-09T18:24:21+0000,1469.66
2014-12-09T18:27:21+0000,1501.22
2014-12-09T18:30:21+0000,1517.78
2014-12-09T18:33:22+0000,1522.36
2014-12-09T18:36:22+0000,1579.14
2014-12-09T18:39:22+0000,1584.74
2014-12-09T18:42:22+0000,1611.73
2014-12-09T18:45:22+0000,1622.93
2014-12-09T18:48:23+0000,1627.51
2014-12-09T18:51:23+0000,1657.31
2014-12-09T18:54:23+0000,1649.91
2014-12-09T18:57:23+0000,1672.33
2014-12-09T19:00:24+0000,1701.11
2014-12-09T19:03:24+0000,1723.77
2014-12-09T19:06:24+0000,1725.56
2014-12-09T19:09:24+0000,1744.4
2014-12-09T19:12:24+0000,1757.38
2014-12-09T19:15:25+0000,1763.49
2014-12-09T19:18:25+0000,1793.8
2014-12-09T19:21:25+0000,1780.29
2014-12-09T19:24:25+0000,1805
2014-12-09T19:27:25+0000,1817.74
2014-12-09T19:30:26+0000,1820.53
2014-12-09T19:33:26+0000,1821.79
2014-12-09T19:36:26+0000,1835.04
2014-12-09T19:39:26+0000,1831.98
2014-12-09T19:42:27+0000,1830.2
2014-12-09T19:46:20+0000,1850.57
2014-12-09T19:49:20+0000,1848.53
2014-12-09T19:52:21+0000,1859.23
2014-12-09T19:55:21+0000,1875.27
2014-12-09T19:58:21+0000,1880.36
2014-12-09T20:01:21+0000,1889.53
2014-12-09T20:04:21+0000,1900.73
2014-12-09T20:07:22+0000,1890.81
2014-12-09T20:10:22+0000,1914.23
2014-12-09T20:13:22+0000,1920.85
2014-12-09T20:16:22+0000,1920.34
2014-12-09T20:19:22+0000,1922.12
2014-12-09T20:22:23+0000,1926.7
2014-12-09T20:25:23+0000,1937.65
2014-12-09T20:28:23+0000,1932.05
2014-12-09T20:31:23+0000,1943.77
2014-12-09T20:34:23+0000,1944.02
2014-12-09T20:37:24+0000,1954.72
2014-12-09T20:40:24+0000,1957.01
2014-12-09T20:43:24+0000,1956.75
2014-12-09T20:46:24+0000,1970.5
2014-12-09T20:49:24+0000,1964.89
2014-12-09T20:52:25+0000,1961.58
2014-12-09T20:55:25+0000,1974.83
2014-12-09T20:58:25+0000,1960.83
2014-12-09T21:01:25+0000,1932.81
2014-12-09T21:04:26+0000,1950.12
2014-12-09T21:07:26+0000,1937.14
2014-12-09T21:10:26+0000,1943.24
2014-12-09T21:13:26+0000,1951.91
2014-12-09T21:16:26+0000,1951.14
2014-12-09T21:19:27+0000,1952.67
2014-12-09T21:22:27+0000,1956.23
2014-12-09T21:25:27+0000,1956.98
2014-12-09T21:28:27+0000,1972.78
2014-12-09T21:31:27+0000,1970.23
2014-12-09T21:34:28+0000,1969.21
2014-12-09T21:37:28+0000,558.12
2014-12-09T21:40:28+0000,1975.08
2014-12-09T21:43:28+0000,1985
2014-12-09T21:46:28+0000,1995.7
2014-12-09T21:49:29+0000,1989.08
2014-12-09T21:52:29+0000,1991.11
2014-12-09T21:55:29+0000,1956.99
2014-12-09T21:58:29+0000,1978.14
2014-12-09T22:01:30+0000,1984.76
2014-12-09T22:04:30+0000,1986.54
2014-12-09T22:07:30+0000,1994.7
2014-12-09T22:10:30+0000,1991.14
2014-12-09T22:13:30+0000,1986.04
2014-12-09T22:16:31+0000,1982.99
2014-12-09T22:19:31+0000,1986.3
2014-12-09T22:22:31+0000,1980.19
2014-12-09T22:25:31+0000,1987.83
2014-12-09T22:28:31+0000,1981.46
2014-12-09T22:31:32+0000,1981.72
2014-12-09T22:34:32+0000,1981.98
2014-12-09T22:37:32+0000,1990.13
2014-12-09T22:40:32+0000,1992.67
2014-12-09T22:43:32+0000,1982.48
2014-12-09T22:46:33+0000,1993.69
2014-12-09T22:49:33+0000,1996.74
2014-12-09T22:52:33+0000,1980.94
2014-12-09T22:55:33+0000,1990.12
2014-12-09T22:58:33+0000,1997.76
2014-12-09T23:01:34+0000,1980.19
2014-12-09T23:04:34+0000,1982.22
2014-12-09T23:07:34+0000,1982.73
2014-12-09T23:10:34+0000,1987.83
2014-12-09T23:13:35+0000,1967.71
2014-12-09T23:16:35+0000,1969.75
2014-12-09T23:19:35+0000,2039.78
2014-12-09T23:22:35+0000,1978.4
2014-12-09T23:25:35+0000,1963.38
2014-12-09T23:28:36+0000,1969.24
2014-12-09T23:31:36+0000,1974.85
2014-12-09T23:34:36+0000,1975.1
2014-12-09T23:37:36+0000,1957.79
2014-12-09T23:40:36+0000,1971.8
2014-12-09T23:43:37+0000,1946.83
2014-12-09T23:47:24+0000,1956.26
2014-12-09T23:50:24+0000,1956
2014-12-09T23:53:25+0000,1950.9
2014-12-09T23:56:25+0000,1963.38
2014-12-09T23:59:25+0000,1949.63
2014-12-10T00:00:01+0000,1936.13
2014-12-10T00:03:02+0000,1937.15
2014-12-10T00:06:02+0000,1919.32
2014-12-10T00:09:02+0000,1914.23
2014-12-10T00:12:02+0000,1928.5
2014-12-10T00:15:03+0000,1923.66
2014-12-10T00:18:03+0000,1897.17
2014-12-10T00:21:03+0000,1909.91
2014-12-10T00:24:03+0000,1908.12
2014-12-10T00:27:03+0000,1897.93
2014-12-10T00:30:04+0000,1899.22
2014-12-10T00:33:04+0000,1886.99
2014-12-10T00:36:04+0000,1869.16
2014-12-10T00:39:04+0000,1873.74
2014-12-10T00:42:04+0000,1849.8
2014-12-10T00:45:05+0000,1851.84
2014-12-10T00:48:05+0000,1858.98
2014-12-10T00:51:05+0000,1857.44
2014-12-10T00:54:05+0000,1839.37
2014-12-10T00:57:05+0000,1825.36
2014-12-10T01:00:06+0000,1828.16
2014-12-10T01:03:06+0000,1816.97
2014-12-10T01:06:06+0000,1781.82
2014-12-10T01:09:06+0000,1783.09
2014-12-10T01:12:06+0000,1766.8
2014-12-10T01:15:07+0000,1776.99
2014-12-10T01:18:07+0000,1741.59
2014-12-10T01:21:07+0000,1733.7
2014-12-10T01:24:07+0000,1758.4
2014-12-10T01:27:07+0000,1739.56
2014-12-10T01:30:08+0000,1712.55
2014-12-10T01:33:08+0000,1712.81
2014-12-10T01:36:08+0000,1694.99
2014-12-10T01:39:08+0000,1690.15
2014-12-10T01:42:08+0000,1656.02
2014-12-10T01:45:09+0000,1636.92
2014-12-10T01:48:09+0000,1631.83
2014-12-10T01:51:09+0000,1623.69
2014-12-10T01:54:09+0000,1601.27
2014-12-10T01:57:10+0000,1586
2014-12-10T02:00:10+0000,1578.61
2014-12-10T02:03:10+0000,1560.53
2014-12-10T02:06:10+0000,1515.71
2014-12-10T02:09:10+0000,1505.52
2014-12-10T02:12:11+0000,1462.5
2014-12-10T02:15:11+0000,1475.24
2014-12-10T02:18:11+0000,1444.93
2014-12-10T02:21:11+0000,1394.01
2014-12-10T02:24:12+0000,1391.73
2014-12-10T02:27:12+0000,1362.2
2014-12-10T02:30:12+0000,1325.27
2014-12-10T02:33:12+0000,1282.23
2014-12-10T02:36:12+0000,1274.6
2014-12-10T02:39:13+0000,1249.13
2014-12-10T02:42:13+0000,1203.04
2014-12-10T02:45:13+0000,1159.75
2014-12-10T02:48:13+0000,1097.35
2014-12-10T02:51:13+0000,1056.85
2014-12-10T02:54:14+0000,1014.06
2014-12-10T02:57:14+0000,954.72
2014-12-10T03:00:14+0000,893.85
2014-12-10T03:03:14+0000,824.84
2014-12-10T03:06:14+0000,775.17
2014-12-10T03:09:15+0000,701.06
2014-12-10T03:12:15+0000,610.64
2014-12-10T03:15:15+0000,183.78
2014-12-10T03:18:15+0000,165.19
2014-12-10T03:21:16+0000,147.87
2014-12-10T03:24:16+0000,123.16
2014-12-10T03:27:16+0000,99.73
2014-12-10T03:30:16+0000,96.93
2014-12-10T03:52:34+0000,6.52
2014-12-10T04:02:07+0000,0
2014-12-10T04:05:08+0000,0
2014-12-10T04:08:08+0000,0
2014-12-10T04:11:08+0000,0
2014-12-10T04:14:08+0000,0
2014-12-10T04:17:08+0000,0
2014-12-10T04:20:08+0000,0
2014-12-10T04:23:09+0000,0
2014-12-10T04:26:09+0000,0
2014-12-10T04:29:09+0000,0
2014-12-10T04:32:09+0000,0
2014-12-10T04:35:09+0000,0
2014-12-10T04:38:10+0000,0
2014-12-10T04:41:10+0000,0
2014-12-10T04:44:10+0000,0
2014-12-10T04:47:10+0000,0
2014-12-10T04:50:11+0000,0
2014-12-10T04:53:11+0000,0
2014-12-10T04:56:11+0000,0
2014-12-10T04:59:11+0000,0
2014-12-10T05:02:11+0000,0
2014-12-10T05:05:12+0000,0
2014-12-10T05:08:12+0000,0
2014-12-10T05:11:12+0000,0
2014-12-10T05:14:12+0000,0
2014-12-10T05:17:12+0000,0
2014-12-10T05:20:13+0000,0
2014-12-10T05:23:13+0000,0
2014-12-10T05:26:13+0000,0
2014-12-10T05:29:13+0000,0
2014-12-10T05:32:13+0000,0
2014-12-10T05:35:14+0000,0
2014-12-10T05:38:14+0000,0
2014-12-10T05:41:14+0000,0
2014-12-10T05:44:14+0000,0
2014-12-10T05:47:15+0000,0
2014-12-10T05:50:15+0000,0
2014-12-10T05:53:15+0000,0
2014-12-10T05:56:15+0000,0
2014-12-10T05:59:15+0000,0
2014-12-10T06:02:16+0000,0
2014-12-10T06:05:16+0000,0
2014-12-10T06:08:16+0000,0
2014-12-10T06:11:16+0000,0
2014-12-10T06:14:17+0000,0
2014-12-10T06:17:17+0000,0
2014-12-10T06:20:17+0000,0
2014-12-10T06:23:17+0000,0
2014-12-10T06:26:17+0000,0
2014-12-10T06:29:18+0000,0
2014-12-10T06:32:18+0000,0
2014-12-10T06:35:18+0000,0
2014-12-10T06:38:18+0000,0
2014-12-10T06:41:19+0000,0
2014-12-10T06:44:19+0000,0
2014-12-10T06:47:19+0000,0
2014-12-10T06:50:19+0000,0
2014-12-10T06:53:19+0000,0
2014-12-10T06:56:20+0000,0
2014-12-10T06:59:20+0000,0
2014-12-10T07:02:20+0000,0
2014-12-10T07:05:20+0000,0
2014-12-10T07:08:21+0000,0
2014-12-10T07:11:21+0000,0
2014-12-10T07:14:21+0000,0
2014-12-10T07:17:21+0000,0
2014-12-10T07:20:21+0000,0
2014-12-10T07:23:22+0000,0
2014-12-10T07:26:22+0000,0
2014-12-10T07:29:22+0000,0
2014-12-10T07:32:22+0000,0
2014-12-10T07:35:23+0000,0
2014-12-10T07:38:23+0000,0
2014-12-10T07:41:23+0000,0
2014-12-10T07:44:23+0000,0
2014-12-10T07:47:23+0000,0
2014-12-10T07:50:24+0000,0
2014-12-10T07:53:24+0000,0
2014-12-10T07:56:24+0000,0
2014-12-10T07:59:24+0000,0
2014-12-10T08:02:25+0000,0
2014-12-10T08:05:25+0000,0
2014-12-10T08:08:25+0000,0
2014-12-10T08:11:25+0000,0
2014-12-10T08:14:25+0000,0
2014-12-10T08:17:26+0000,0
2014-12-10T08:20:26+0000,0
2014-12-10T08:23:26+0000,0
2014-12-10T08:26:26+0000,0
2014-12-10T08:29:26+0000,0
2014-12-10T08:32:27+0000,0
2014-12-10T08:35:27+0000,0
2014-12-10T08:38:27+0000,0
2014-12-10T08:41:27+0000,0
2014-12-10T08:44:28+0000,0
2014-12-10T08:47:28+0000,0
2014-12-10T08:50:28+0000,0
2014-12-10T08:53:28+0000,0
2014-12-10T08:56:29+0000,0
2014-12-10T08:59:29+0000,0
2014-12-10T09:02:29+0000,0
2014-12-10T09:05:29+0000,0
2014-12-10T09:08:29+0000,0
2014-12-10T09:11:30+0000,0
2014-12-10T09:14:30+0000,0
2014-12-10T09:17:30+0000,0
2014-12-10T09:20:30+0000,0
2014-12-10T09:23:31+0000,0
2014-12-10T09:26:31+0000,0
2014-12-10T09:29:31+0000,0
2014-12-10T09:32:31+0000,0
2014-12-10T09:35:31+0000,0
2014-12-10T09:38:32+0000,0
2014-12-10T09:41:32+0000,0
2014-12-10T09:44:32+0000,0
2014-12-10T09:47:32+0000,0
2014-12-10T09:50:33+0000,0
2014-12-10T09:53:33+0000,0
2014-12-10T09:56:33+0000,0
2014-12-10T09:59:33+0000,0
2014-12-10T10:02:34+0000,0
2014-12-10T10:05:34+0000,0
2014-12-10T10:08:34+0000,0
2014-12-10T10:11:34+0000,0
2014-12-10T10:14:34+0000,0
2014-12-10T10:17:35+0000,0
2014-12-10T10:20:35+0000,0
2014-12-10T10:23:35+0000,0
2014-12-10T10:26:35+0000,0
2014-12-10T10:29:35+0000,0
2014-12-10T10:32:36+0000,0
2014-12-10T10:35:36+0000,0
2014-12-10T10:38:36+0000,0
2014-12-10T10:41:36+0000,0
2014-12-10T10:44:37+0000,0
2014-12-10T10:47:37+0000,0
2014-12-10T10:50:37+0000,0
2014-12-10T10:53:37+0000,0
2014-12-10T10:56:38+0000,0
2014-12-10T10:59:38+0000,0
2014-12-10T11:02:38+0000,0
2014-12-10T11:05:38+0000,0
2014-12-10T11:08:39+0000,0
2014-12-10T11:11:39+0000,0
2014-12-10T11:14:39+0000,0
2014-12-10T11:17:39+0000,0
2014-12-10T11:20:39+0000,0
2014-12-10T11:23:40+0000,0
2014-12-10T11:26:40+0000,0
2014-12-10T11:29:40+0000,0
2014-12-10T11:32:40+0000,0
2014-12-10T11:35:40+0000,0
2014-12-10T11:38:41+0000,0
2014-12-10T11:41:41+0000,0
2014-12-10T11:44:41+0000,0
2014-12-10T11:47:41+0000,0
2014-12-10T11:50:42+0000,0
2014-12-10T11:53:42+0000,0
2014-12-10T11:56:42+0000,0
2014-12-10T11:59:42+0000,0
2014-12-10T12:02:42+0000,0
2014-12-10T12:05:43+0000,0
2014-12-10T12:08:43+0000,0
2014-12-10T12:11:43+0000,0
2014-12-10T12:14:43+0000,0
2014-12-10T12:17:43+0000,0
2014-12-10T12:20:44+0000,0
2014-12-10T12:23:44+0000,0
2014-12-10T12:26:44+0000,0
2014-12-10T12:29:44+0000,0
2014-12-10T12:32:45+0000,0
2014-12-10T12:35:45+0000,0
2014-12-10T12:38:45+0000,0
2014-12-10T12:41:45+0000,0
2014-12-10T12:44:46+0000,0
2014-12-10T12:47:46+0000,0
2014-12-10T12:51:00+0000,0
2014-12-10T12:54:00+0000,0
2014-12-10T12:57:01+0000,0
2014-12-10T13:00:01+0000,0
2014-12-10T13:03:01+0000,0
2014-12-10T13:06:01+0000,0
2014-12-10T13:09:02+0000,0
2014-12-10T13:12:02+0000,0
2014-12-10T13:15:02+0000,0
2014-12-10T13:18:02+0000,0
2014-12-10T13:21:02+0000,0
2014-12-10T13:24:03+0000,0
2014-12-10T13:27:03+0000,0
2014-12-10T13:30:03+0000,0
2014-12-10T13:33:03+0000,0
2014-12-10T13:36:04+0000,0
2014-12-10T13:39:04+0000,0
2014-12-10T13:42:04+0000,0
2014-12-10T13:45:04+0000,0
2014-12-10T13:48:04+0000,0
2014-12-10T13:51:05+0000,0
2014-12-10T13:54:05+0000,0
2014-12-10T13:57:05+0000,0
2014-12-10T14:00:05+0000,0
2014-12-10T14:03:05+0000,0
2014-12-10T14:06:06+0000,0
2014-12-10T14:09:06+0000,0
2014-12-10T14:12:06+0000,0
2014-12-10T14:15:06+0000,0
2014-12-10T14:18:07+0000,0
2014-12-10T14:21:07+0000,0
2014-12-10T14:24:07+0000,0
2014-12-10T14:27:07+0000,0
2014-12-10T14:30:08+0000,0
2014-12-10T14:33:08+0000,0
2014-12-10T14:36:08+0000,0
2014-12-10T14:39:08+0000,0
2014-12-10T14:42:09+0000,0
2014-12-10T14:45:09+0000,0
2014-12-10T14:48:09+0000,0
2014-12-10T14:51:09+0000,0
2014-12-10T14:54:10+0000,0
2014-12-10T14:57:10+0000,0
2014-12-10T15:00:10+0000,0
2014-12-10T15:03:10+0000,0
2014-12-10T15:06:10+0000,0
2014-12-10T15:09:11+0000,0
2014-12-10T15:12:11+0000,0
2014-12-10T15:15:11+0000,0
2014-12-10T15:18:11+0000,0
2014-12-10T15:21:11+0000,0
2014-12-10T15:24:12+0000,0
2014-12-10T15:27:12+0000,0
2014-12-10T15:30:12+0000,0
2014-12-10T15:33:12+0000,0
2014-12-10T15:36:13+0000,0
2014-12-10T15:39:13+0000,0
2014-12-10T15:42:13+0000,0
2014-12-10T15:45:13+0000,0
2014-12-10T15:48:14+0000,0
2014-12-10T15:51:14+0000,0
2014-12-10T15:54:14+0000,0
2014-12-10T15:57:14+0000,0
2014-12-10T16:00:15+0000,0
2014-12-10T16:03:15+0000,0
2014-12-10T16:06:15+0000,0
2014-12-10T16:09:15+0000,0
2014-12-10T16:12:16+0000,0
2014-12-10T16:15:16+0000,0
2014-12-10T16:18:16+0000,0
2014-12-10T16:21:16+0000,0
2014-12-10T16:24:16+0000,0
2014-12-10T16:27:17+0000,0
2014-12-10T16:30:17+0000,0
2014-12-10T16:33:17+0000,0
2014-12-10T16:36:17+0000,0
2014-12-10T16:39:18+0000,0
2014-12-10T16:42:18+0000,0
2014-12-10T16:45:18+0000,0
2014-12-10T16:48:18+0000,0
2014-12-10T16:52:15+0000,0.4
2014-12-10T16:55:15+0000,1.93
2014-12-10T16:58:16+0000,3.71
2014-12-10T17:01:16+0000,6.77
2014-12-10T17:04:16+0000,13.14
2014-12-10T17:07:16+0000,18.23
2014-12-10T17:10:16+0000,28.68
2014-12-10T17:13:17+0000,37.34
2014-12-10T17:16:17+0000,37.59
2014-12-10T17:19:17+0000,38.86
2014-12-10T17:22:17+0000,48.29
2014-12-10T17:25:18+0000,65.86
2014-12-10T17:28:18+0000,77.33
2014-12-10T17:31:18+0000,88.54
2014-12-10T17:34:18+0000,87.77
2014-12-10T17:37:18+0000,95.92
2014-12-10T17:40:19+0000,92.1
2014-12-10T17:43:19+0000,107.13
2014-12-10T17:46:19+0000,134.64
2014-12-10T17:49:19+0000,138.97
2014-12-10T17:52:20+0000,110.19
2014-12-10T17:55:20+0000,97.96
2014-12-10T18:34:15+0000,199.09
2014-12-10T18:37:15+0000,201.63
2014-12-10T18:40:15+0000,258.18
2014-12-10T18:43:15+0000,328.74
2014-12-10T18:46:15+0000,372.81
2014-12-10T18:49:16+0000,393.7
2014-12-10T18:52:16+0000,389.88
2014-12-10T18:55:16+0000,383
2014-12-10T18:58:16+0000,290.79
2014-12-10T19:01:17+0000,266.59
2014-12-10T19:04:17+0000,349.38
2014-12-10T19:07:17+0000,384.27
2014-12-10T19:10:17+0000,276.78
2014-12-10T19:13:17+0000,310.91
2014-12-10T19:16:18+0000,332.82
2014-12-10T19:19:18+0000,409.23
2014-12-10T19:22:18+0000,549.59
2014-12-10T19:25:18+0000,588.05
2014-12-10T19:28:19+0000,574.29
2014-12-10T19:31:19+0000,608.42
2014-12-10T19:34:19+0000,600.78
2014-12-10T19:37:19+0000,602.82
2014-12-10T19:40:19+0000,592.63
2014-12-10T19:43:20+0000,451.77
2014-12-10T19:46:20+0000,429.86
2014-12-10T19:49:20+0000,465.01
2014-12-10T19:52:20+0000,590.58
2014-12-10T19:55:21+0000,686.61
2014-12-10T19:58:21+0000,798.18
2014-12-10T20:01:21+0000,767.1
2014-12-10T20:04:21+0000,849.63
2014-12-10T20:07:21+0000,950.24
2014-12-10T20:10:22+0000,832.56
2014-12-10T20:13:22+0000,1096.18
2014-12-10T20:16:22+0000,1305.3
2014-12-10T20:19:22+0000,994.55
2014-12-10T20:22:23+0000,893.17
2014-12-10T20:25:23+0000,1001.42
2014-12-10T20:28:23+0000,1711.8
2014-12-10T20:31:23+0000,1484.09
2014-12-10T20:34:23+0000,1279.04
2014-12-10T20:37:24+0000,1212.04
2014-12-10T20:40:24+0000,1155.25
2014-12-10T20:43:24+0000,1123.67
2014-12-10T20:46:24+0000,1056.41
2014-12-10T20:49:25+0000,1043.42
2014-12-10T20:52:25+0000,1018.71
2014-12-10T20:55:25+0000,1043.91
2014-12-10T20:58:25+0000,996.03
2014-12-10T21:01:25+0000,739.04
2014-12-10T21:04:26+0000,815.19
2014-12-10T21:07:26+0000,962.66
2014-12-10T21:10:26+0000,1064.29
2014-12-10T21:13:26+0000,1360.25
2014-12-10T21:16:26+0000,1318.99
2014-12-10T21:19:27+0000,1457.8
2014-12-10T21:22:27+0000,1586.93
2014-12-10T21:25:27+0000,1639.9
2014-12-10T21:28:27+0000,1829.9
2014-12-10T21:31:28+0000,1592.51
2014-12-10T21:34:28+0000,1460.32
2014-12-10T21:37:28+0000,1988.29
2014-12-10T21:40:28+0000,1801.61
2014-12-10T21:43:28+0000,1822.48
2014-12-10T21:46:29+0000,1815.6
2014-12-10T21:49:29+0000,2333.1
2014-12-10T21:53:28+0000,1680.32
2014-12-10T21:56:29+0000,1517.82
2014-12-10T21:59:29+0000,1776.33
2014-12-10T22:02:29+0000,1749.58
2014-12-10T22:05:29+0000,1901.87
2014-12-10T22:08:29+0000,1962.74
2014-12-10T22:11:30+0000,1480.36
2014-12-10T22:14:30+0000,1443.16
2014-12-10T22:17:30+0000,1500.47
2014-12-10T22:20:30+0000,1286.05
2014-12-10T22:23:31+0000,1133.98
2014-12-10T22:26:31+0000,1018.36
2014-12-10T22:29:31+0000,1014.78
2014-12-10T22:32:31+0000,1086.6
2014-12-10T22:35:31+0000,1278.11
2014-12-10T22:38:32+0000,1273.52
2014-12-10T22:41:32+0000,1439.32
2014-12-10T22:44:32+0000,1608.94
2014-12-10T22:47:32+0000,1657.83
2014-12-10T22:50:32+0000,1577.87
2014-12-10T22:53:33+0000,1588.56
2014-12-10T22:56:33+0000,1683.05
2014-12-10T22:59:33+0000,1762.01
2014-12-10T23:02:33+0000,1262.07
2014-12-10T23:05:33+0000,1311.22
2014-12-10T23:08:34+0000,1272.51
2014-12-10T23:11:34+0000,1271.51
2014-12-10T23:14:34+0000,1177.28
2014-12-10T23:17:34+0000,1222.85
2014-12-10T23:20:35+0000,1175.74
2014-12-10T23:23:35+0000,1528.72
2014-12-10T23:26:35+0000,1207.32
2014-12-10T23:29:35+0000,929.21
2014-12-10T23:32:36+0000,1069.28
2014-12-10T23:35:36+0000,1021.92
2014-12-10T23:38:36+0000,1028.28
2014-12-10T23:41:36+0000,1115.13
2014-12-10T23:44:36+0000,1000.27
2014-12-10T23:47:37+0000,1243.5
2014-12-10T23:50:37+0000,1194.35
2014-12-10T23:53:37+0000,1929.86
2014-12-10T23:56:37+0000,1580.18
2014-12-10T23:59:38+0000,1615.58
2014-12-11T00:00:02+0000,1637.48
2014-12-11T00:03:02+0000,1431.2
2014-12-11T00:06:02+0000,1603.37
2014-12-11T00:09:02+0000,1197.15
2014-12-11T00:12:03+0000,1234.07
2014-12-11T00:15:03+0000,2043.46
2014-12-11T00:18:03+0000,1391.47
2014-12-11T00:21:03+0000,2162.37
2014-12-11T00:24:03+0000,2092.58
2014-12-11T00:27:04+0000,2079.09
2014-12-11T00:30:04+0000,1997.33
2014-12-11T00:33:04+0000,1970.6
2014-12-11T00:36:04+0000,1885.8
2014-12-11T00:39:05+0000,1903.87
2014-12-11T00:42:05+0000,1905.38
2014-12-11T00:45:05+0000,1927.55
2014-12-11T00:48:05+0000,1901.31
2014-12-11T00:51:05+0000,1919.64
2014-12-11T00:54:06+0000,1882.2
2014-12-11T00:57:06+0000,1887.54
2014-12-11T01:00:06+0000,1855.97
2014-12-11T01:03:06+0000,1839.4
2014-12-11T01:06:07+0000,1835.83
2014-12-11T01:09:07+0000,1812.4
2014-12-11T01:12:07+0000,1823.35
2014-12-11T01:15:07+0000,1820.29
2014-12-11T01:18:07+0000,1557.98
2014-12-11T01:21:08+0000,1795.08
2014-12-11T01:24:08+0000,1771.91
2014-12-11T01:27:08+0000,1719.7
2014-12-11T01:30:08+0000,1732.18
2014-12-11T01:33:09+0000,1758.41
2014-12-11T01:36:09+0000,1753.06
2014-12-11T01:39:09+0000,1673.6
2014-12-11T01:42:09+0000,1657.56
2014-12-11T01:45:09+0000,1669.52
2014-12-11T01:48:10+0000,1652.21
2014-12-11T01:51:10+0000,1635.4
2014-12-11T01:54:31+0000,1609.93
2014-12-11T01:57:32+0000,1618.85
2014-12-11T02:00:32+0000,1606.88
2014-12-11T02:03:32+0000,1584.47
2014-12-11T02:06:32+0000,1475.21
2014-12-11T02:09:32+0000,1488.44
2014-12-11T02:12:33+0000,777.4
2014-12-11T02:15:33+0000,1205.51
2014-12-11T02:18:33+0000,866.54
2014-12-11T02:21:33+0000,697.19
2014-12-11T02:24:34+0000,1326.74
2014-12-11T02:27:34+0000,924.35
2014-12-11T02:30:34+0000,893.54
2014-12-11T02:33:34+0000,1258.74
2014-12-11T02:36:34+0000,502.62
2014-12-11T02:39:35+0000,450.92
2014-12-11T02:42:35+0000,429.02
2014-12-11T02:45:35+0000,529.1
2014-12-11T02:48:35+0000,465.18
2014-12-11T02:51:35+0000,409.16
2014-12-11T02:54:36+0000,310.34
2014-12-11T02:57:36+0000,251.51
2014-12-11T03:00:36+0000,197.77
2014-12-11T03:03:36+0000,175.87
2014-12-11T03:06:37+0000,188.86
2014-12-11T03:09:37+0000,164.67
2014-12-11T03:12:37+0000,137.93
2014-12-11T03:15:37+0000,108.13
2014-12-11T03:18:37+0000,98.71
2014-12-11T03:21:38+0000,95.15
2014-12-11T03:24:38+0000,78.84
2014-12-11T03:27:38+0000,62.04
2014-12-11T03:30:38+0000,56.69
2014-12-11T03:33:39+0000,49.05
2014-12-11T03:36:39+0000,39.12
2014-12-11T03:39:39+0000,30.2
2014-12-11T03:42:39+0000,20.52
2014-12-11T03:45:39+0000,14.66
2014-12-11T03:48:40+0000,0
2014-12-11T03:51:40+0000,5.24
2014-12-11T03:54:40+0000,1.93
2014-12-11T03:57:40+0000,0
2014-12-11T04:00:41+0000,0
2014-12-11T04:03:41+0000,0
2014-12-11T04:06:41+0000,0
2014-12-11T04:09:41+0000,0
2014-12-11T04:12:41+0000,0
2014-12-11T04:15:42+0000,0
2014-12-11T04:18:42+0000,0
2014-12-11T04:21:42+0000,0
2014-12-11T04:24:42+0000,0
2014-12-11T04:27:42+0000,0
2014-12-11T04:30:43+0000,0
2014-12-11T04:33:43+0000,0
2014-12-11T04:36:43+0000,0
2014-12-11T04:39:43+0000,0
2014-12-11T04:42:43+0000,0
2014-12-11T04:45:44+0000,0
2014-12-11T04:48:44+0000,0
2014-12-11T04:51:44+0000,0
2014-12-11T04:54:44+0000,0
2014-12-11T04:57:44+0000,0
2014-12-11T05:00:45+0000,0
2014-12-11T05:03:45+0000,0
2014-12-11T05:06:45+0000,0
2014-12-11T05:09:45+0000,0
2014-12-11T05:12:46+0000,0
2014-12-11T05:15:46+0000,0
2014-12-11T05:18:46+0000,0
2014-12-11T05:21:46+0000,0
2014-12-11T05:24:46+0000,0
2014-12-11T05:27:47+0000,0
2014-12-11T05:30:47+0000,0
2014-12-11T05:33:47+0000,0
2014-12-11T05:36:47+0000,0
2014-12-11T05:39:47+0000,0
2014-12-11T05:42:48+0000,0
2014-12-11T05:45:48+0000,0
2014-12-11T05:48:48+0000,0
2014-12-11T05:51:48+0000,0
2014-12-11T05:55:40+0000,0
2014-12-11T05:58:40+0000,0
2014-12-11T06:01:41+0000,0
2014-12-11T06:04:41+0000,0
2014-12-11T06:07:41+0000,0
2014-12-11T06:10:41+0000,0
2014-12-11T06:13:42+0000,0
2014-12-11T06:16:42+0000,0
2014-12-11T06:19:42+0000,0
2014-12-11T06:22:42+0000,0
2014-12-11T06:25:42+0000,0
2014-12-11T06:28:43+0000,0
2014-12-11T06:31:43+0000,0
2014-12-11T06:34:43+0000,0
2014-12-11T06:37:43+0000,0
2014-12-11T06:40:44+0000,0
2014-12-11T06:43:44+0000,0
2014-12-11T06:46:44+0000,0
2014-12-11T06:49:44+0000,0
2014-12-11T06:52:44+0000,0
2014-12-11T06:55:45+0000,0
2014-12-11T06:58:45+0000,0
2014-12-11T07:01:45+0000,0
2014-12-11T07:04:45+0000,0
2014-12-11T07:07:46+0000,0
2014-12-11T07:10:46+0000,0
2014-12-11T07:13:46+0000,0
2014-12-11T07:16:46+0000,0
2014-12-11T07:19:47+0000,0
2014-12-11T07:22:47+0000,0
2014-12-11T07:25:47+0000,0
2014-12-11T07:28:47+0000,0
2014-12-11T07:31:47+0000,0
2014-12-11T07:34:48+0000,0
2014-12-11T07:37:48+0000,0
2014-12-11T07:40:48+0000,0
2014-12-11T07:43:48+0000,0
2014-12-11T07:46:48+0000,0
2014-12-11T07:49:49+0000,0
2014-12-11T07:52:49+0000,0
2014-12-11T07:55:49+0000,0
2014-12-11T07:58:49+0000,0
2014-12-11T08:01:49+0000,0
2014-12-11T08:04:50+0000,0
2014-12-11T08:07:50+0000,0
2014-12-11T08:10:50+0000,0
2014-12-11T08:13:50+0000,0
2014-12-11T08:16:51+0000,0
2014-12-11T08:19:51+0000,0
2014-12-11T08:22:51+0000,0
2014-12-11T08:25:51+0000,0
2014-12-11T08:28:51+0000,0
2014-12-11T08:31:52+0000,0
2014-12-11T08:34:52+0000,0
2014-12-11T08:37:52+0000,0
2014-12-11T08:40:52+0000,0
2014-12-11T08:43:53+0000,0
2014-12-11T08:46:53+0000,0
2014-12-11T08:49:53+0000,0
2014-12-11T08:52:53+0000,0
2014-12-11T08:55:53+0000,0
2014-12-11T08:58:54+0000,0
2014-12-11T09:01:54+0000,0
2014-12-11T09:04:54+0000,0
2014-12-11T09:07:54+0000,0
2014-12-11T09:10:55+0000,0
2014-12-11T09:13:55+0000,0
2014-12-11T09:16:55+0000,0
2014-12-11T09:19:55+0000,0
2014-12-11T09:22:56+0000,0
2014-12-11T09:25:56+0000,0
2014-12-11T09:28:56+0000,0
2014-12-11T09:31:56+0000,0
2014-12-11T09:34:56+0000,0
2014-12-11T09:37:57+0000,0
2014-12-11T09:40:57+0000,0
2014-12-11T09:43:57+0000,0
2014-12-11T09:46:57+0000,0
2014-12-11T09:49:57+0000,0
2014-12-11T09:52:58+0000,0
2014-12-11T09:56:50+0000,0
2014-12-11T09:59:50+0000,0
2014-12-11T10:02:51+0000,0
2014-12-11T10:05:51+0000,0
2014-12-11T10:08:51+0000,0
2014-12-11T10:11:51+0000,0
2014-12-11T10:14:51+0000,0
2014-12-11T10:17:52+0000,0
2014-12-11T10:20:52+0000,0
2014-12-11T10:23:52+0000,0
2014-12-11T10:26:52+0000,0
2014-12-11T10:29:53+0000,0
2014-12-11T10:32:53+0000,0
2014-12-11T10:35:53+0000,0
2014-12-11T10:38:53+0000,0
2014-12-11T10:41:54+0000,0
2014-12-11T10:44:54+0000,0
2014-12-11T10:47:54+0000,0
2014-12-11T10:50:54+0000,0
2014-12-11T10:53:54+0000,0
2014-12-11T10:56:54+0000,0
2014-12-11T10:59:55+0000,0
2014-12-11T11:02:55+0000,0
2014-12-11T11:05:55+0000,0
2014-12-11T11:08:55+0000,0
2014-12-11T11:11:56+0000,0
2014-12-11T11:14:56+0000,0
2014-12-11T11:17:56+0000,0
2014-12-11T11:20:56+0000,0
2014-12-11T11:23:56+0000,0
2014-12-11T11:26:57+0000,0
2014-12-11T11:29:57+0000,0
2014-12-11T11:32:57+0000,0
2014-12-11T11:35:57+0000,0
2014-12-11T11:38:57+0000,0
2014-12-11T11:41:57+0000,0
2014-12-11T11:44:58+0000,0
2014-12-11T11:47:58+0000,0
2014-12-11T11:50:58+0000,0
2014-12-11T11:53:58+0000,0
2014-12-11T11:56:59+0000,0
2014-12-11T11:59:59+0000,0
2014-12-11T12:02:59+0000,0
2014-12-11T12:05:59+0000,0
2014-12-11T12:09:00+0000,0
2014-12-11T12:12:00+0000,0
2014-12-11T12:15:00+0000,0
2014-12-11T12:18:00+0000,0
2014-12-11T12:21:00+0000,0
2014-12-11T12:24:01+0000,0
2014-12-11T12:27:01+0000,0
2014-12-11T12:30:01+0000,0
2014-12-11T12:33:01+0000,0
2014-12-11T12:36:01+0000,0
2014-12-11T12:39:02+0000,0
2014-12-11T12:42:02+0000,0
2014-12-11T12:45:02+0000,0
2014-12-11T12:48:02+0000,0
2014-12-11T12:51:02+0000,0
2014-12-11T12:54:03+0000,0
2014-12-11T12:57:03+0000,0
2014-12-11T13:00:03+0000,0
2014-12-11T13:03:03+0000,0
2014-12-11T13:06:04+0000,0
2014-12-11T13:09:04+0000,0
2014-12-11T13:12:04+0000,0
2014-12-11T13:15:04+0000,0
2014-12-11T13:18:04+0000,0
2014-12-11T13:21:05+0000,0
2014-12-11T13:24:05+0000,0
2014-12-11T13:27:05+0000,0
2014-12-11T13:30:05+0000,0
2014-12-11T13:33:06+0000,0
2014-12-11T13:36:06+0000,0
2014-12-11T13:39:06+0000,0
2014-12-11T13:42:06+0000,0
2014-12-11T13:45:06+0000,0
2014-12-11T13:48:07+0000,0
2014-12-11T13:51:07+0000,0
2014-12-11T13:54:07+0000,0
2014-12-11T13:57:55+0000,0
2014-12-11T14:00:55+0000,0
2014-12-11T14:03:56+0000,0
2014-12-11T14:06:56+0000,0
2014-12-11T14:09:56+0000,0
2014-12-11T14:12:56+0000,0
2014-12-11T14:15:57+0000,0
2014-12-11T14:18:57+0000,0
2014-12-11T14:21:57+0000,0
2014-12-11T14:24:57+0000,0
2014-12-11T14:27:57+0000,0
2014-12-11T14:30:58+0000,0
2014-12-11T14:33:58+0000,0
2014-12-11T14:36:58+0000,0
2014-12-11T14:39:58+0000,0
2014-12-11T14:42:58+0000,0
2014-12-11T14:45:59+0000,0
2014-12-11T14:48:59+0000,0
2014-12-11T14:51:59+0000,0
2014-12-11T14:54:59+0000,0
2014-12-11T14:58:00+0000,0
2014-12-11T15:00:00+0000,0
2014-12-11T15:01:00+0000,0
2014-12-11T15:04:00+0000,0
2014-12-11T15:10:01+0000,0
2014-12-11T15:13:01+0000,0
2014-12-11T15:16:01+0000,0
2014-12-11T15:19:01+0000,0
2014-12-11T15:22:01+0000,0
2014-12-11T15:25:02+0000,0
2014-12-11T15:28:02+0000,0
2014-12-11T15:31:02+0000,0
2014-12-11T15:34:02+0000,0
2014-12-11T15:37:03+0000,0
2014-12-11T15:40:03+0000,0
2014-12-11T15:43:03+0000,0
2014-12-11T15:46:03+0000,0
2014-12-11T15:49:04+0000,0
2014-12-11T15:52:04+0000,0
2014-12-11T15:55:04+0000,0
2014-12-11T15:58:04+0000,0
2014-12-11T16:01:05+0000,0
2014-12-11T16:04:05+0000,0
2014-12-11T16:07:05+0000,0
2014-12-11T16:10:05+0000,0
2014-12-11T16:13:05+0000,0
2014-12-11T16:16:05+0000,0
2014-12-11T16:19:06+0000,0
2014-12-11T16:22:06+0000,0
2014-12-11T16:25:06+0000,0
2014-12-11T16:28:06+0000,0
2014-12-11T16:31:07+0000,0
2014-12-11T16:34:07+0000,0
2014-12-11T16:37:07+0000,0
2014-12-11T16:40:07+0000,0
2014-12-11T16:43:08+0000,0
2014-12-11T16:46:08+0000,0
2014-12-11T16:49:08+0000,1.17
2014-12-11T16:52:08+0000,3.71
2014-12-11T16:55:08+0000,6.52
2014-12-11T16:58:09+0000,11.1
2014-12-11T17:01:09+0000,16.7
2014-12-11T17:04:09+0000,26.38
2014-12-11T17:07:09+0000,43.45
2014-12-11T17:10:09+0000,58.99
2014-12-11T17:13:10+0000,81.15
2014-12-11T17:16:10+0000,157.3
2014-12-11T17:19:10+0000,125.21
2014-12-11T17:22:10+0000,308.85
2014-12-11T17:25:11+0000,373.55
2014-12-11T17:28:11+0000,251.8
2014-12-11T17:29:07+0000,252.56
2014-12-11T17:32:07+0000,532.49
2014-12-11T17:35:07+0000,608.9
2014-12-11T17:38:08+0000,488.17
2014-12-11T17:41:08+0000,782.86
2014-12-11T17:44:08+0000,835.07
2014-12-11T17:47:08+0000,877.1
2014-12-11T17:50:08+0000,920.39
2014-12-11T17:53:09+0000,926.25
2014-12-11T17:56:09+0000,975.92
2014-12-11T17:59:09+0000,836.08
2014-12-11T18:02:09+0000,448.42
2014-12-11T18:05:10+0000,567.87
2014-12-11T18:08:10+0000,821.81
2014-12-11T18:11:10+0000,1264.22
2014-12-11T18:14:10+0000,1260.4
2014-12-11T18:17:11+0000,1336.8
2014-12-11T18:20:11+0000,1396.4
2014-12-11T18:23:11+0000,1497.77
2014-12-11T18:26:11+0000,1538.27
2014-12-11T18:29:11+0000,1665.87
2014-12-11T18:32:12+0000,1605.74
2014-12-11T18:35:12+0000,1463.61
2014-12-11T18:38:12+0000,1460.3
2014-12-11T18:41:12+0000,1584.33
2014-12-11T18:44:12+0000,1563.69
2014-12-11T18:47:13+0000,1581.77
2014-12-11T18:50:13+0000,1622.26
2014-12-11T18:53:13+0000,1637
2014-12-11T18:56:13+0000,1650.23
2014-12-11T18:59:14+0000,1675.18
2014-12-11T19:02:14+0000,1715.68
2014-12-11T19:05:14+0000,1700.16
2014-12-11T19:08:14+0000,681.16
2014-12-11T19:11:15+0000,1835.87
2014-12-11T19:14:15+0000,1819.05
2014-12-11T19:17:15+0000,1071.83
2014-12-11T19:20:15+0000,802.89
2014-12-11T19:23:16+0000,690.83
2014-12-11T19:26:16+0000,1954.77
2014-12-11T19:29:16+0000,1903.58
2014-12-11T19:32:16+0000,1957.06
2014-12-11T19:35:17+0000,1863.34
2014-12-11T19:38:17+0000,1224.36
2014-12-11T19:41:17+0000,544.64
2014-12-11T19:44:17+0000,1681.24
2014-12-11T19:47:18+0000,1997.04
2014-12-11T19:50:18+0000,2019.96
2014-12-11T19:53:18+0000,2112.15
2014-12-11T19:56:18+0000,813.57
2014-12-11T19:59:18+0000,559.16
2014-12-11T20:02:19+0000,535.73
2014-12-11T20:05:19+0000,629.45
2014-12-11T20:08:19+0000,2135.07
2014-12-11T20:11:19+0000,1737.03
2014-12-11T20:14:20+0000,708.9
2014-12-11T20:17:20+0000,2089.23
2014-12-11T20:20:20+0000,2119.02
2014-12-11T20:23:20+0000,1863.33
2014-12-11T20:26:20+0000,2107.82
2014-12-11T20:29:21+0000,2061.98
2014-12-11T20:32:21+0000,1973.61
2014-12-11T20:35:21+0000,2030.91
2014-12-11T20:38:21+0000,1557.21
2014-12-11T20:41:21+0000,819.43
2014-12-11T20:44:22+0000,2140.41
2014-12-11T20:47:22+0000,2072.92
2014-12-11T20:50:22+0000,2052.3
2014-12-11T20:53:22+0000,2117.23
2014-12-11T20:56:23+0000,2189.56
2014-12-11T20:59:23+0000,2128.45
2014-12-11T21:02:23+0000,878.51
2014-12-11T21:05:23+0000,2177.86
2014-12-11T21:08:23+0000,743.54
2014-12-11T21:11:24+0000,2130.48
2014-12-11T21:14:24+0000,2066.05
2014-12-11T21:17:24+0000,2057.39
2014-12-11T21:20:24+0000,2120.81
2014-12-11T21:23:25+0000,2145.76
2014-12-11T21:26:25+0000,2137.36
2014-12-11T21:29:25+0000,2163.85
2014-12-11T21:32:25+0000,2222.42
2014-12-11T21:35:25+0000,1938.47
2014-12-11T21:38:26+0000,2497.73
2014-12-11T21:41:26+0000,2615.64
2014-12-11T21:44:26+0000,2672.43
2014-12-11T21:47:26+0000,2421.07
2014-12-11T21:50:26+0000,2312.83
2014-12-11T21:53:27+0000,2273.61
2014-12-11T21:56:27+0000,1251.35
2014-12-11T21:59:27+0000,679.1
2014-12-11T22:02:27+0000,791.92
2014-12-11T22:05:27+0000,788.36
2014-12-11T22:08:28+0000,811.79
2014-12-11T22:11:28+0000,865.53
2014-12-11T22:14:28+0000,974.78
2014-12-11T22:17:28+0000,1003.56
2014-12-11T22:20:28+0000,1687.61
2014-12-11T22:23:29+0000,993.88
2014-12-11T22:26:29+0000,943.71
2014-12-11T22:29:29+0000,1013.75
2014-12-11T22:32:29+0000,1283.7
2014-12-11T22:35:30+0000,1375.39
2014-12-11T22:38:30+0000,1353.24
2014-12-11T22:41:30+0000,1434.23
2014-12-11T22:44:30+0000,1352.23
2014-12-11T22:47:31+0000,1302.05
2014-12-11T22:50:31+0000,1300.28
2014-12-11T22:53:31+0000,1573.55
2014-12-11T22:56:32+0000,1538.14
2014-12-11T23:00:02+0000,1506.81
2014-12-11T23:03:02+0000,2233.41
2014-12-11T23:06:03+0000,1502.23
2014-12-11T23:09:03+0000,1441.6
2014-12-11T23:12:03+0000,1160.46
2014-12-11T23:15:03+0000,2412.95
2014-12-11T23:18:04+0000,2578.5
2014-12-11T23:21:04+0000,2544.11
2014-12-11T23:24:04+0000,2124.41
2014-12-11T23:27:04+0000,2517.1
2014-12-11T23:30:05+0000,1254.16
2014-12-11T23:33:05+0000,1318.59
2014-12-11T23:36:05+0000,1268.17
2014-12-11T23:39:05+0000,1341.51
2014-12-11T23:42:05+0000,1069.26
2014-12-11T23:45:06+0000,1035.65
2014-12-11T23:48:06+0000,1106.96
2014-12-11T23:51:06+0000,1574.28
2014-12-11T23:54:06+0000,1499.41
2014-12-11T23:57:07+0000,2584.31
2014-12-12T00:00:02+0000,1814.19
2014-12-12T00:03:02+0000,1750.78
2014-12-12T00:06:02+0000,1357.81
2014-12-12T00:09:02+0000,1284.97
2014-12-12T00:12:02+0000,1160.18
2014-12-12T00:15:03+0000,1227.42
2014-12-12T00:18:03+0000,1309.18
2014-12-12T00:21:03+0000,2237.2
2014-12-12T00:24:03+0000,2260.88
2014-12-12T00:27:04+0000,2443.99
2014-12-12T00:30:04+0000,1730.14
2014-12-12T00:33:04+0000,874.69
2014-12-12T00:36:04+0000,901.43
2014-12-12T00:39:05+0000,808.99
2014-12-12T00:42:05+0000,820.19
2014-12-12T00:45:05+0000,908.06
2014-12-12T00:48:05+0000,1028.26
2014-12-12T00:51:05+0000,754.49
2014-12-12T00:54:05+0000,741.75
2014-12-12T00:57:06+0000,699.22
2014-12-12T01:00:06+0000,671.72
2014-12-12T01:03:06+0000,623.59
2014-12-12T01:06:06+0000,717.31
2014-12-12T01:09:07+0000,2045.7
2014-12-12T01:12:07+0000,2061.23
2014-12-12T01:15:07+0000,1036.17
2014-12-12T01:18:07+0000,1213.17
2014-12-12T01:21:08+0000,1276.33
2014-12-12T01:24:08+0000,773.36
2014-12-12T01:27:08+0000,819.2
2014-12-12T01:30:08+0000,1063.94
2014-12-12T01:33:08+0000,1723.3
2014-12-12T01:36:09+0000,2276.73
2014-12-12T01:39:09+0000,2208.74
2014-12-12T01:42:09+0000,1687.65
2014-12-12T01:45:09+0000,810.02
2014-12-12T01:48:09+0000,696.7
2014-12-12T01:51:10+0000,781.76
2014-12-12T01:54:10+0000,1063.69
2014-12-12T01:57:10+0000,1834.6
2014-12-12T02:00:10+0000,1786.48
2014-12-12T02:03:11+0000,1782.65
2014-12-12T02:06:11+0000,1727.63
2014-12-12T02:09:11+0000,1682.3
2014-12-12T02:12:11+0000,1615.32
2014-12-12T02:15:12+0000,1491.55
2014-12-12T02:18:12+0000,1441.64
2014-12-12T02:21:12+0000,1446.98
2014-12-12T02:24:12+0000,1469.38
2014-12-12T02:27:12+0000,1403.93
2014-12-12T02:30:13+0000,1472.95
2014-12-12T02:33:13+0000,1386.36